time,power,soc,distance
0.0,0.0,0.9971527777777778,7.5
0.2,0.0,0.9925159262572053,22.5
0.4,0.0,0.9878790747366328,37.5
0.6000000000000001,0.0,0.9832422232160604,52.5
0.8,0.0,0.9786053716954879,67.5
1.0,0.0,0.9739685201749154,82.5
1.2000000000000002,0.0,0.969331668654343,97.5
1.4000000000000001,0.0,0.9646948171337705,112.5
1.6,0.0,0.960057965613198,127.5
1.8,0.0,0.9554211140926255,142.5
2.0,0.0,0.9507842625720531,157.5
2.2,0.0,0.9461474110514806,172.5
2.4000000000000004,0.0,0.9415105595309081,187.5
2.6,0.0,0.9368737080103356,202.5
2.8000000000000003,0.0,0.9321609807376083,217.5
3.0,0.0,0.927448253464881,232.5
3.2,0.0,0.9227355261921537,247.5
3.4000000000000004,0.0,0.9180227989194264,262.5
3.6,0.0,0.9133100716466991,277.5
3.8000000000000003,0.0,0.9085973443739718,292.5
4.0,0.0,0.9038846171012445,307.5
4.2,0.0,0.8991718898285171,322.5
4.4,0.0,0.8944591625557898,337.5
4.6000000000000005,0.0,0.8897464352830625,352.5
4.800000000000001,0.0,0.8850337080103352,367.5
5.0,0.0,0.8803209807376079,382.5
5.2,0.0,0.8756082534648806,397.5
5.4,0.0,0.8708955261921533,412.5
5.6000000000000005,0.0,0.866182798919426,427.5
5.800000000000001,0.0,0.8614700716466986,442.5
6.0,0.0,0.8567573443739713,457.5
6.2,0.0,0.852044617101244,472.5
6.4,0.0,0.8473318898285167,487.5
6.6000000000000005,0.0,0.8426191625557894,502.5
6.800000000000001,0.0,0.8379064352830621,517.5
7.0,0.0,0.8331937080103348,532.5
7.2,0.0,0.828453896098109,547.5
7.4,0.0,0.8237140841858833,562.5
7.6000000000000005,0.0,0.8189742722736576,577.5
7.800000000000001,0.0,0.8142344603614319,592.5
8.0,0.0,0.8094946484492062,607.5
8.200000000000001,0.0,0.8047548365369804,622.5
8.4,0.0,0.8000150246247547,637.5
8.6,0.0,0.795275212712529,652.5
8.8,0.0,0.7905354008003033,667.5
9.0,0.0,0.7857955888880775,682.5
9.200000000000001,0.0,0.7810557769758518,697.5
9.4,0.0,0.7763159650636261,712.5
9.600000000000001,0.0,0.7715761531514004,727.5
9.8,0.0,0.7668363412391747,742.5
10.0,0.0,0.7620965293269489,757.5
10.200000000000001,0.0,0.7573567174147232,772.5
10.4,0.0,0.7526169055024975,787.5
10.600000000000001,0.0,0.7478770935902718,802.5
10.8,0.0,0.743137281678046,817.5
11.0,0.0,0.7383974697658203,832.5
11.200000000000001,0.0,0.7336576578535946,847.5
11.4,0.0,0.7289178459413689,862.5
11.600000000000001,0.0,0.7241780340291432,877.5
11.8,0.0,0.7194382221169174,892.5
12.0,120000.0,0.7146984102046917,905.7692307692307
12.193202146690519,120000.0,0.709958598292466,917.3076923076923
12.386404293381037,120000.0,0.7052187863802403,928.8461538461538
12.579606440071556,120000.0,0.7004789744680145,940.3846153846154
12.772808586762075,120000.0,0.6957391625557888,951.9230769230769
12.966010733452594,120000.0,0.6909993506435631,963.4615384615385
13.159212880143112,120000.0,0.6862595387313374,975.0
13.352415026833631,120000.0,0.6815197268191117,986.5384615384615
13.54561717352415,120000.0,0.6767799149068859,998.0769230769231
13.738819320214668,120000.0,0.6720401029946602,1009.6153846153846
13.932021466905187,120000.0,0.6673002910824345,1021.1538461538462
14.125223613595706,120000.0,0.6625604791702088,1032.6923076923076
14.318425760286225,120000.0,0.657820667257983,1044.2307692307693
14.511627906976745,120000.0,0.6530808553457573,1052.7272727272727
14.707991543340382,120000.0,0.6483410434335316,1058.1818181818182
14.904355179704018,120000.0,0.6436012315213059,1063.6363636363637
15.100718816067655,120000.0,0.6388614196090802,1069.090909090909
15.29708245243129,120000.0,0.6341216076968544,1074.5454545454545
15.493446088794927,120000.0,0.6293817957846287,1080.0
15.689809725158563,120000.0,0.624641983872403,1085.4545454545455
15.8861733615222,120000.0,0.9900225394279587,1090.909090909091
16.082536997885835,120000.0,0.9853856879073862,1096.3636363636363
16.27890063424947,120000.0,0.9807488363868138,1101.8181818181818
16.47526427061311,120000.0,0.9761119848662413,1107.2727272727273
16.671627906976745,120000.0,0.9714751333456688,1112.7272727272727
16.86799154334038,120000.0,0.9668382818250963,1118.1818181818182
17.064355179704016,120000.0,0.9622014303045239,1123.6363636363635
17.260718816067655,120000.0,0.9575645787839514,1129.090909090909
17.45708245243129,120000.0,0.9529277272633789,1134.5454545454545
17.653446088794926,120000.0,0.9482908757428065,1140.0
17.849809725158565,120000.0,0.943654024222234,1145.4545454545455
18.0461733615222,120000.0,0.9390171727016615,1150.909090909091
18.242536997885836,120000.0,0.934380321181089,1156.3636363636363
18.43890063424947,120000.0,0.9297434696605166,1161.8181818181818
18.63526427061311,120000.0,0.9250478174866036,1167.2727272727273
18.831627906976745,120000.0,0.9203521653126906,1177.9545454545455
19.02912006998615,120000.0,0.9156565131387776,1193.8636363636363
19.226612232995553,120000.0,0.9109608609648646,1209.7727272727273
19.42410439600496,120000.0,0.9062652087909516,1225.6818181818182
19.621596559014364,120000.0,0.9015695566170386,1241.590909090909
19.819088722023768,120000.0,0.8968739044431256,1257.5
20.01658088503317,120000.0,0.8921782522692127,1273.409090909091
20.214073048042575,120000.0,0.8874826000952997,1289.3181818181818
20.41156521105198,120000.0,0.8827869479213867,1305.2272727272727
20.609057374061386,120000.0,0.8780912957474737,1321.1363636363635
20.80654953707079,120000.0,0.8733956435735607,1337.0454545454545
21.004041700080194,120000.0,0.8686999913996477,1352.9545454545455
21.201533863089598,120000.0,0.8640043392257347,1368.8636363636363
21.399026026099,120000.0,0.8593086870518217,1384.7727272727273
21.59651818910841,120000.0,0.8546130348779087,1400.6818181818182
21.794010352117812,120000.0,0.8499173827039957,1416.590909090909
21.991502515127216,120000.0,0.8452217305300828,1432.5
22.18899467813662,120000.0,0.8405260783561698,1448.409090909091
22.386486841146024,120000.0,0.8358304261822568,1464.3181818181818
22.583979004155427,120000.0,0.8311347740083438,1480.2272727272727
22.781471167164835,120000.0,0.8264391218344308,1496.1363636363635
22.97896333017424,120000.0,0.8217434696605178,1512.0454545454545
23.176455493183642,120000.0,0.8169831390820054,1527.9545454545455
23.373947656193046,120000.0,0.8122228085034929,1543.8636363636363
23.57143981920245,120000.0,0.8074624779249805,1559.7727272727273
23.768931982211853,120000.0,0.802702147346468,1575.6818181818182
23.96642414522126,120000.0,0.7979418167679556,1591.590909090909
24.163916308230664,120000.0,0.7931814861894432,1607.5
24.36140847124007,120000.0,0.7884211556109307,1623.409090909091
24.558900634249472,120000.0,0.7836608250324183,1639.3181818181818
24.756392797258876,120000.0,0.7789004944539059,1655.2272727272727
24.953884960268283,120000.0,0.7741401638753934,1671.1363636363635
25.151377123277687,120000.0,0.769379833296881,1687.0454545454545
25.34886928628709,120000.0,0.7646195027183685,1702.9545454545455
25.546361449296494,120000.0,0.7598591721398561,1718.8636363636365
25.743853612305898,120000.0,0.7550988415613437,1734.7727272727273
25.941345775315305,120000.0,0.7503385109828312,1750.681818181818
26.13883793832471,120000.0,0.7455781804043188,1766.590909090909
26.336330101334113,120000.0,0.7408178498258063,1782.5
26.533822264343517,120000.0,0.7360575192472939,1798.409090909091
26.73131442735292,120000.0,0.7312971886687815,1814.3181818181818
26.928806590362328,120000.0,0.726536858090269,1830.2272727272727
27.126298753371728,120000.0,0.7217765275117566,1846.1363636363635
27.323790916381135,120000.0,0.7170161969332441,1862.0454545454545
27.52128307939054,120000.0,0.7122161969332441,1875.7692307692307
27.71448522608106,120000.0,0.7074161969332441,1887.3076923076924
27.907687372771576,120000.0,0.7026161969332441,1898.8461538461538
28.100889519462097,120000.0,0.697816196933244,1910.3846153846155
28.294091666152614,120000.0,0.693016196933244,1921.923076923077
28.487293812843134,120000.0,0.688216196933244,1933.4615384615386
28.68049595953365,120000.0,0.683416196933244,1945.0
28.87369810622417,120000.0,0.6786161969332439,1956.5384615384614
29.06690025291469,120000.0,0.6738161969332439,1968.076923076923
29.26010239960521,120000.0,0.6690161969332439,1979.6153846153845
29.453304546295726,120000.0,0.6642161969332439,1991.1538461538462
29.646506692986247,120000.0,0.6594161969332438,2002.6923076923076
29.839708839676764,120000.0,0.6546161969332438,2014.2307692307693
30.032910986367284,120000.0,0.6498161969332438,2023.2608695652175
30.228563160280327,120000.0,0.6450161969332437,2029.7826086956522
30.42421533419337,120000.0,0.6402161969332437,2036.304347826087
30.619867508106413,120000.0,0.6354161969332437,2042.8260869565217
30.81551968201946,120000.0,0.6306161969332437,2049.3478260869565
31.011171855932503,120000.0,0.6258161969332436,2055.8695652173915
31.206824029845546,120000.0,0.6210161969332436,2062.391304347826
31.40247620375859,120000.0,0.6162161969332436,2068.913043478261
31.59812837767163,120000.0,0.6114161969332436,2075.4347826086955
31.793780551584675,120000.0,0.6066161969332435,2081.9565217391305
31.989432725497718,120000.0,0.6018161969332435,2088.478260869565
32.18508489941076,120000.0,0.5970161969332435,2095.0
