strategy,initial_soc,lap_time,soc_end,energy_deployed_j,energy_harvested_j,energy_wasted_j,net_energy_change_j,deployment_efficiency
conservative,0.4,81.71813983197349,0.5964494257733697,2830419.5377998124,3812666.666666667,0.0,-982247.1288668546,1.0
conservative,0.6,81.71813983197349,0.5970161969332435,3827585.6820004433,3812666.666666667,0.0,14919.015333776362,1.0
conservative,0.8,81.71813983197349,0.5954161969332423,4835585.682000451,3812666.666666667,0.0,1022919.0153337838,1.0
aggressive,0.4,81.71813983197349,0.3625333333333318,4000000.0000000144,3812666.666666667,0.0,187333.33333334746,1.0
aggressive,0.6,81.71813983197349,0.56253333333333,4000000.0000000144,3812666.666666667,0.0,187333.33333334746,1.0
aggressive,0.8,81.71813983197349,0.76253333333333,4000000.0000000144,3812666.666666667,0.0,187333.33333334746,1.0
lookahead,0.4,81.71813983197349,0.5414388347039516,2903942.856891698,3611137.0304114535,201529.63625521353,-707194.1735197552,0.9351050003824073
lookahead,0.6,81.71813983197349,0.5414388347039516,2903942.856891698,2611137.030411454,1201529.6362552133,292805.8264802443,0.7073346275584905
lookahead,0.8,81.71813983197349,0.5414388347039516,2903942.856891698,1611137.0304114535,2201529.6362552135,1292805.8264802448,0.5687902267203806
