time,power,soc,distance,speed,segment_name,segment_type,cumulative_energy_deployed_j
0.0,0.0,0.6,7.5,55.87962962962963,Main Straight,straight,0.0
0.2,0.0,0.6,22.5,56.52777777777778,Main Straight,straight,0.0
0.4,0.0,0.6,37.5,57.17592592592593,Main Straight,straight,0.0
0.6000000000000001,0.0,0.6,52.5,57.824074074074076,Main Straight,straight,0.0
0.8,0.0,0.6,67.5,58.47222222222223,Main Straight,straight,0.0
1.0,0.0,0.6,82.5,59.12037037037037,Main Straight,straight,0.0
1.2000000000000002,0.0,0.6,97.5,59.76851851851852,Main Straight,straight,0.0
1.4000000000000001,0.0,0.6,112.5,60.41666666666667,Main Straight,straight,0.0
1.6,0.0,0.6,127.5,61.064814814814824,Main Straight,straight,0.0
1.8,0.0,0.6,142.5,61.71296296296296,Main Straight,straight,0.0
2.0,0.0,0.6,157.5,62.361111111111114,Main Straight,straight,0.0
2.2,0.0,0.6,172.5,63.00925925925927,Main Straight,straight,0.0
2.4000000000000004,0.0,0.6,187.5,63.657407407407405,Main Straight,straight,0.0
2.6,0.0,0.6,202.5,64.30555555555556,Main Straight,straight,0.0
2.8000000000000003,0.0,0.6,217.5,64.9537037037037,Main Straight,straight,0.0
3.0,0.0,0.6,232.50000000000003,65.60185185185186,Main Straight,straight,0.0
3.2,0.0,0.6,247.50000000000003,66.25,Main Straight,straight,0.0
3.4000000000000004,0.0,0.6,262.5,66.89814814814815,Main Straight,straight,0.0
3.6,0.0,0.6,277.5,67.54629629629629,Main Straight,straight,0.0
3.8000000000000003,0.0,0.6,292.5,68.19444444444444,Main Straight,straight,0.0
4.0,0.0,0.6,307.5,68.8425925925926,Main Straight,straight,0.0
4.2,0.0,0.6,322.5,69.49074074074073,Main Straight,straight,0.0
4.4,0.0,0.6,337.5,70.13888888888889,Main Straight,straight,0.0
4.6000000000000005,0.0,0.6,352.5,70.78703703703704,Main Straight,straight,0.0
4.800000000000001,0.0,0.6,367.5,71.43518518518519,Main Straight,straight,0.0
5.0,0.0,0.6,382.5,72.08333333333333,Main Straight,straight,0.0
5.2,0.0,0.6,397.5,72.73148148148148,Main Straight,straight,0.0
5.4,0.0,0.6,412.5,73.37962962962963,Main Straight,straight,0.0
5.6000000000000005,0.0,0.6,427.5,74.02777777777777,Main Straight,straight,0.0
5.800000000000001,0.0,0.6,442.5,74.67592592592592,Main Straight,straight,0.0
6.0,0.0,0.6,457.5,75.32407407407408,Main Straight,straight,0.0
6.2,0.0,0.6,472.5,75.97222222222223,Main Straight,straight,0.0
6.4,0.0,0.6,487.49999999999994,76.62037037037037,Main Straight,straight,0.0
6.6000000000000005,0.0,0.6,502.5,77.26851851851852,Main Straight,straight,0.0
6.800000000000001,0.0,0.6,517.5,77.91666666666666,Main Straight,straight,0.0
7.0,0.0,0.6,532.5,78.56481481481481,Main Straight,straight,0.0
7.2,0.0,0.6,547.5,79.21296296296296,Main Straight,straight,0.0
7.4,0.0,0.6,562.5,79.86111111111111,Main Straight,straight,0.0
7.6000000000000005,0.0,0.6,577.5,80.50925925925927,Main Straight,straight,0.0
7.800000000000001,0.0,0.6,592.5,81.1574074074074,Main Straight,straight,0.0
8.0,0.0,0.6,607.5,81.80555555555556,Main Straight,straight,0.0
8.200000000000001,0.0,0.6,622.5,82.45370370370371,Main Straight,straight,0.0
8.4,0.0,0.6,637.5,83.10185185185185,Main Straight,straight,0.0
8.6,0.0,0.6,652.5,83.75,Main Straight,straight,0.0
8.8,0.0,0.6,667.5,84.39814814814815,Main Straight,straight,0.0
9.0,0.0,0.6,682.5,85.04629629629629,Main Straight,straight,0.0
9.200000000000001,0.0,0.6,697.5,85.69444444444444,Main Straight,straight,0.0
9.4,0.0,0.6,712.5,86.3425925925926,Main Straight,straight,0.0
9.600000000000001,0.0,0.6,727.5,86.99074074074075,Main Straight,straight,0.0
9.8,0.0,0.6,742.5,87.63888888888889,Main Straight,straight,0.0
10.0,0.0,0.6,757.5,88.28703703703702,Main Straight,straight,0.0
10.200000000000001,0.0,0.6,772.5,88.93518518518519,Main Straight,straight,0.0
10.4,0.0,0.6,787.5,89.58333333333333,Main Straight,straight,0.0
10.600000000000001,0.0,0.6,802.5,90.23148148148148,Main Straight,straight,0.0
10.8,0.0,0.6,817.5,90.87962962962963,Main Straight,straight,0.0
11.0,0.0,0.6,832.5,91.52777777777777,Main Straight,straight,0.0
11.200000000000001,0.0,0.6,847.5,92.17592592592592,Main Straight,straight,0.0
11.4,0.0,0.6,862.5,92.82407407407408,Main Straight,straight,0.0
11.600000000000001,0.0,0.6,877.5,93.47222222222221,Main Straight,straight,0.0
11.8,0.0,0.6,892.5,94.12037037037037,Main Straight,straight,0.0
12.0,0.0,0.9971527777777778,905.7692307692307,91.77350427350429,T1 Brake,brake,0.0
12.193202146690519,0.0,0.9971527777777778,917.3076923076923,86.43162393162393,T1 Brake,brake,0.0
12.386404293381037,0.0,0.9971527777777778,928.8461538461538,81.08974358974359,T1 Brake,brake,0.0
12.579606440071556,0.0,0.9971527777777778,940.3846153846154,75.74786324786325,T1 Brake,brake,0.0
12.772808586762075,0.0,0.9971527777777778,951.9230769230769,70.40598290598291,T1 Brake,brake,0.0
12.966010733452594,0.0,0.9971527777777778,963.4615384615385,65.06410256410255,T1 Brake,brake,0.0
13.159212880143112,0.0,0.9971527777777778,975.0,59.72222222222222,T1 Brake,brake,0.0
13.352415026833631,0.0,0.9971527777777778,986.5384615384615,54.38034188034188,T1 Brake,brake,0.0
13.54561717352415,0.0,0.9971527777777778,998.0769230769231,49.03846153846154,T1 Brake,brake,0.0
13.738819320214668,120000.0,0.9925159262572053,1009.6153846153846,43.69658119658119,T1 Brake,brake,24000.0
13.932021466905187,120000.0,0.9878790747366328,1021.1538461538462,38.35470085470085,T1 Brake,brake,48000.0
14.125223613595706,120000.0,0.9832422232160604,1032.6923076923076,33.01282051282051,T1 Brake,brake,72000.0
14.318425760286225,120000.0,0.9786053716954879,1044.2307692307693,27.67094017094017,T1 Brake,brake,96000.0
14.511627906976745,120000.0,0.9738926444227606,1052.7272727272727,25.126262626262626,T1 Corner,corner,120000.0
14.707991543340382,120000.0,0.9691799171500333,1058.1818181818182,25.37878787878788,T1 Corner,corner,144000.0
14.904355179704018,120000.0,0.964467189877306,1063.6363636363637,25.63131313131313,T1 Corner,corner,168000.0
15.100718816067655,120000.0,0.9597544626045786,1069.090909090909,25.883838383838384,T1 Corner,corner,192000.0
15.29708245243129,120000.0,0.9550417353318513,1074.5454545454545,26.136363636363637,T1 Corner,corner,216000.0
15.493446088794927,120000.0,0.950329008059124,1080.0,26.38888888888889,T1 Corner,corner,240000.0
15.689809725158563,120000.0,0.9456162807863967,1085.4545454545455,26.64141414141414,T1 Corner,corner,264000.0
15.8861733615222,120000.0,0.9409035535136694,1090.909090909091,26.893939393939398,T1 Corner,corner,288000.0
16.082536997885835,120000.0,0.9361908262409421,1096.3636363636363,27.146464646464647,T1 Corner,corner,312000.0
16.27890063424947,120000.0,0.9314780989682148,1101.8181818181818,27.398989898989896,T1 Corner,corner,336000.0
16.47526427061311,120000.0,0.9267653716954874,1107.2727272727273,27.65151515151515,T1 Corner,corner,360000.0
16.671627906976745,120000.0,0.9220526444227601,1112.7272727272727,27.9040404040404,T1 Corner,corner,384000.0
16.86799154334038,120000.0,0.9173399171500328,1118.1818181818182,28.156565656565654,T1 Corner,corner,408000.0
17.064355179704016,120000.0,0.9126271898773055,1123.6363636363637,28.409090909090907,T1 Corner,corner,432000.0
17.260718816067655,120000.0,0.9079144626045782,1129.090909090909,28.66161616161616,T1 Corner,corner,456000.0
17.45708245243129,120000.0,0.9032017353318509,1134.5454545454545,28.91414141414141,T1 Corner,corner,480000.0
17.653446088794926,120000.0,0.8984890080591236,1140.0,29.166666666666664,T1 Corner,corner,504000.0
17.849809725158565,120000.0,0.8937762807863963,1145.4545454545455,29.419191919191917,T1 Corner,corner,528000.0
18.0461733615222,120000.0,0.889063553513669,1150.909090909091,29.67171717171717,T1 Corner,corner,552000.0
18.242536997885836,120000.0,0.8843508262409416,1156.3636363636363,29.924242424242422,T1 Corner,corner,576000.0
18.43890063424947,120000.0,0.8796380989682143,1161.8181818181818,30.176767676767675,T1 Corner,corner,600000.0
18.63526427061311,120000.0,0.874925371695487,1167.2727272727273,30.429292929292927,T1 Corner,corner,624000.0
18.831627906976745,0.0,0.874925371695487,1177.9545454545455,77.8409090909091,Curva Grande,corner,624000.0
19.02912006998615,0.0,0.874925371695487,1193.8636363636363,77.96717171717171,Curva Grande,corner,624000.0
19.226612232995553,0.0,0.874925371695487,1209.7727272727273,78.09343434343434,Curva Grande,corner,624000.0
19.42410439600496,0.0,0.874925371695487,1225.6818181818182,78.21969696969695,Curva Grande,corner,624000.0
19.621596559014364,0.0,0.874925371695487,1241.590909090909,78.34595959595958,Curva Grande,corner,624000.0
19.819088722023768,0.0,0.874925371695487,1257.5,78.47222222222221,Curva Grande,corner,624000.0
20.01658088503317,0.0,0.874925371695487,1273.409090909091,78.59848484848484,Curva Grande,corner,624000.0
20.214073048042575,0.0,0.874925371695487,1289.3181818181818,78.72474747474747,Curva Grande,corner,624000.0
20.41156521105198,0.0,0.874925371695487,1305.2272727272727,78.8510101010101,Curva Grande,corner,624000.0
20.609057374061386,0.0,0.874925371695487,1321.1363636363635,78.97727272727272,Curva Grande,corner,624000.0
20.80654953707079,0.0,0.874925371695487,1337.0454545454545,79.10353535353535,Curva Grande,corner,624000.0
21.004041700080194,0.0,0.874925371695487,1352.9545454545455,79.22979797979798,Curva Grande,corner,624000.0
21.201533863089598,0.0,0.874925371695487,1368.8636363636365,79.3560606060606,Curva Grande,corner,624000.0
21.399026026099,0.0,0.874925371695487,1384.7727272727273,79.48232323232322,Curva Grande,corner,624000.0
21.59651818910841,0.0,0.874925371695487,1400.6818181818182,79.60858585858585,Curva Grande,corner,624000.0
21.794010352117812,0.0,0.874925371695487,1416.590909090909,79.73484848484848,Curva Grande,corner,624000.0
21.991502515127216,0.0,0.874925371695487,1432.5,79.86111111111111,Curva Grande,corner,624000.0
22.18899467813662,0.0,0.874925371695487,1448.409090909091,79.98737373737373,Curva Grande,corner,624000.0
22.386486841146024,0.0,0.874925371695487,1464.3181818181818,80.11363636363637,Curva Grande,corner,624000.0
22.583979004155427,0.0,0.874925371695487,1480.2272727272727,80.23989898989899,Curva Grande,corner,624000.0
22.781471167164835,0.0,0.874925371695487,1496.1363636363635,80.3661616161616,Curva Grande,corner,624000.0
22.97896333017424,0.0,0.874925371695487,1512.0454545454545,80.49242424242424,Curva Grande,corner,624000.0
23.176455493183642,0.0,0.874925371695487,1527.9545454545455,80.61868686868686,Curva Grande,corner,624000.0
23.373947656193046,0.0,0.874925371695487,1543.8636363636363,80.74494949494948,Curva Grande,corner,624000.0
23.57143981920245,0.0,0.874925371695487,1559.7727272727273,80.87121212121211,Curva Grande,corner,624000.0
23.768931982211853,0.0,0.874925371695487,1575.6818181818182,80.99747474747474,Curva Grande,corner,624000.0
23.96642414522126,0.0,0.874925371695487,1591.590909090909,81.12373737373737,Curva Grande,corner,624000.0
24.163916308230664,0.0,0.874925371695487,1607.5,81.25,Curva Grande,corner,624000.0
24.36140847124007,0.0,0.874925371695487,1623.409090909091,81.37626262626262,Curva Grande,corner,624000.0
24.558900634249472,0.0,0.874925371695487,1639.3181818181818,81.50252525252525,Curva Grande,corner,624000.0
24.756392797258876,0.0,0.874925371695487,1655.2272727272727,81.62878787878788,Curva Grande,corner,624000.0
24.953884960268283,0.0,0.874925371695487,1671.1363636363637,81.75505050505049,Curva Grande,corner,624000.0
25.151377123277687,0.0,0.874925371695487,1687.0454545454545,81.88131313131312,Curva Grande,corner,624000.0
25.34886928628709,0.0,0.874925371695487,1702.9545454545455,82.00757575757575,Curva Grande,corner,624000.0
25.546361449296494,0.0,0.874925371695487,1718.8636363636365,82.13383838383837,Curva Grande,corner,624000.0
25.743853612305898,0.0,0.874925371695487,1734.7727272727273,82.260101010101,Curva Grande,corner,624000.0
25.941345775315305,0.0,0.874925371695487,1750.6818181818182,82.38636363636363,Curva Grande,corner,624000.0
26.13883793832471,0.0,0.874925371695487,1766.590909090909,82.51262626262626,Curva Grande,corner,624000.0
26.336330101334113,0.0,0.874925371695487,1782.5,82.63888888888889,Curva Grande,corner,624000.0
26.533822264343517,0.0,0.874925371695487,1798.409090909091,82.7651515151515,Curva Grande,corner,624000.0
26.73131442735292,0.0,0.874925371695487,1814.3181818181818,82.89141414141415,Curva Grande,corner,624000.0
26.928806590362328,0.0,0.874925371695487,1830.2272727272727,83.01767676767676,Curva Grande,corner,624000.0
27.126298753371728,0.0,0.874925371695487,1846.1363636363635,83.14393939393939,Curva Grande,corner,624000.0
27.323790916381135,0.0,0.874925371695487,1862.0454545454545,83.270202020202,Curva Grande,corner,624000.0
27.52128307939054,0.0,1.0,1875.7692307692307,89.20940170940172,Roggia Brake,brake,624000.0
27.71448522608106,0.0,1.0,1887.3076923076924,84.2948717948718,Roggia Brake,brake,624000.0
27.907687372771576,0.0,1.0,1898.8461538461538,79.38034188034189,Roggia Brake,brake,624000.0
28.100889519462097,0.0,1.0,1910.3846153846155,74.46581196581198,Roggia Brake,brake,624000.0
28.294091666152614,0.0,1.0,1921.923076923077,69.55128205128206,Roggia Brake,brake,624000.0
28.487293812843134,0.0,1.0,1933.4615384615386,64.63675213675214,Roggia Brake,brake,624000.0
28.68049595953365,0.0,1.0,1945.0,59.72222222222223,Roggia Brake,brake,624000.0
28.87369810622417,0.0,1.0,1956.5384615384614,54.80769230769232,Roggia Brake,brake,624000.0
29.06690025291469,0.0,1.0,1968.076923076923,49.89316239316239,Roggia Brake,brake,624000.0
29.26010239960521,120000.0,0.9953631484794275,1979.6153846153845,44.978632478632484,Roggia Brake,brake,648000.0
29.453304546295726,120000.0,0.9907262969588551,1991.1538461538462,40.06410256410257,Roggia Brake,brake,672000.0
29.646506692986247,120000.0,0.9860894454382826,2002.6923076923076,35.149572649572654,Roggia Brake,brake,696000.0
29.839708839676764,120000.0,0.9814525939177101,2014.2307692307693,30.235042735042732,Roggia Brake,brake,720000.0
30.032910986367284,120000.0,0.9767569417437971,2023.2608695652175,28.019323671497585,Roggia Corner,corner,744000.0
30.228563160280327,120000.0,0.9720612895698841,2029.7826086956522,28.5024154589372,Roggia Corner,corner,768000.0
30.42421533419337,120000.0,0.9673656373959711,2036.304347826087,28.985507246376812,Roggia Corner,corner,792000.0
30.619867508106413,120000.0,0.9626699852220582,2042.8260869565217,29.468599033816425,Roggia Corner,corner,816000.0
30.81551968201946,120000.0,0.9579743330481452,2049.3478260869565,29.95169082125604,Roggia Corner,corner,840000.0
31.011171855932503,120000.0,0.9532786808742322,2055.8695652173915,30.434782608695652,Roggia Corner,corner,864000.0
31.206824029845546,120000.0,0.9485830287003192,2062.391304347826,30.917874396135268,Roggia Corner,corner,888000.0
31.40247620375859,120000.0,0.9438873765264062,2068.913043478261,31.40096618357488,Roggia Corner,corner,912000.0
31.59812837767163,120000.0,0.9391917243524932,2075.4347826086955,31.884057971014492,Roggia Corner,corner,936000.0
31.793780551584675,120000.0,0.9344960721785802,2081.9565217391305,32.367149758454104,Roggia Corner,corner,960000.0
31.989432725497718,120000.0,0.9298004200046672,2088.478260869565,32.85024154589372,Roggia Corner,corner,984000.0
32.18508489941076,120000.0,0.9251047678307542,2095.0,33.33333333333333,Roggia Corner,corner,1008000.0
32.38073707332381,120000.0,0.9204091156568412,2101.521739130435,33.81642512077295,Roggia Corner,corner,1032000.0
32.57638924723685,120000.0,0.9157134634829283,2108.0434782608695,34.29951690821256,Roggia Corner,corner,1056000.0
32.77204142114989,120000.0,0.9110178113090153,2114.5652173913045,34.78260869565217,Roggia Corner,corner,1080000.0
32.96769359506294,120000.0,0.9063221591351023,2121.086956521739,35.265700483091784,Roggia Corner,corner,1104000.0
33.16334576897598,120000.0,0.9016265069611893,2127.608695652174,35.748792270531396,Roggia Corner,corner,1128000.0
33.358997942889026,120000.0,0.8969308547872763,2134.1304347826085,36.231884057971016,Roggia Corner,corner,1152000.0
33.554650116802065,120000.0,0.8922352026133633,2140.6521739130435,36.71497584541063,Roggia Corner,corner,1176000.0
33.75030229071511,120000.0,0.8875395504394503,2147.1739130434785,37.19806763285024,Roggia Corner,corner,1200000.0
33.94595446462815,120000.0,0.8828438982655373,2153.695652173913,37.68115942028985,Roggia Corner,corner,1224000.0
34.1416066385412,120000.0,0.8781482460916243,2160.217391304348,38.164251207729464,Roggia Corner,corner,1248000.0
34.33725881245424,120000.0,0.8734525939177114,2166.7391304347825,38.647342995169076,Roggia Corner,corner,1272000.0
34.532910986367284,120000.0,0.8686922633391989,2174.5454545454545,41.8560606060606,Lesmo 1,corner,1296000.0
34.7312580938053,120000.0,0.8639319327606865,2183.6363636363635,42.234848484848484,Lesmo 1,corner,1320000.0
34.92960520124332,120000.0,0.859171602182174,2192.7272727272725,42.61363636363636,Lesmo 1,corner,1344000.0
35.12795230868134,120000.0,0.8544112716036616,2201.818181818182,42.99242424242424,Lesmo 1,corner,1368000.0
35.32629941611935,120000.0,0.8496509410251492,2210.909090909091,43.37121212121212,Lesmo 1,corner,1392000.0
35.524646523557365,120000.0,0.8448906104466367,2220.0,43.75,Lesmo 1,corner,1416000.0
35.72299363099538,120000.0,0.8401302798681243,2229.090909090909,44.128787878787875,Lesmo 1,corner,1440000.0
35.9213407384334,120000.0,0.8353699492896118,2238.181818181818,44.50757575757576,Lesmo 1,corner,1464000.0
36.11968784587142,120000.0,0.8306096187110994,2247.2727272727275,44.88636363636363,Lesmo 1,corner,1488000.0
36.318034953309436,120000.0,0.825849288132587,2256.3636363636365,45.265151515151516,Lesmo 1,corner,1512000.0
36.516382060747446,120000.0,0.8210889575540745,2265.4545454545455,45.64393939393939,Lesmo 1,corner,1536000.0
36.714729168185464,120000.0,0.8163286269755621,2274.5454545454545,46.02272727272727,Lesmo 1,corner,1560000.0
36.91307627562348,120000.0,0.8115682963970496,2283.6363636363635,46.40151515151515,Lesmo 1,corner,1584000.0
37.1114233830615,120000.0,0.8068079658185372,2292.7272727272725,46.78030303030303,Lesmo 1,corner,1608000.0
37.30977049049952,120000.0,0.8020476352400248,2301.818181818182,47.15909090909091,Lesmo 1,corner,1632000.0
37.508117597937535,120000.0,0.7972873046615123,2310.909090909091,47.53787878787878,Lesmo 1,corner,1656000.0
37.70646470537555,120000.0,0.7925269740829999,2320.0,47.916666666666664,Lesmo 1,corner,1680000.0
37.90481181281356,120000.0,0.7877666435044874,2329.090909090909,48.29545454545455,Lesmo 1,corner,1704000.0
38.10315892025158,120000.0,0.783006312925975,2338.181818181818,48.67424242424242,Lesmo 1,corner,1728000.0
38.3015060276896,120000.0,0.7782459823474626,2347.2727272727275,49.053030303030305,Lesmo 1,corner,1752000.0
38.499853135127616,120000.0,0.7734856517689501,2356.3636363636365,49.43181818181818,Lesmo 1,corner,1776000.0
38.69820024256563,120000.0,0.7687253211904377,2365.4545454545455,49.81060606060606,Lesmo 1,corner,1800000.0
38.89654735000365,120000.0,0.7639253211904377,2375.0,44.666666666666664,Lesmo 2,corner,1824000.0
39.096547350003654,120000.0,0.7591253211904376,2385.0,45.11111111111111,Lesmo 2,corner,1848000.0
39.29654735000365,120000.0,0.7543253211904376,2395.0,45.55555555555556,Lesmo 2,corner,1872000.0
39.49654735000365,120000.0,0.7495253211904376,2405.0,46.0,Lesmo 2,corner,1896000.0
39.69654735000365,120000.0,0.7447253211904376,2415.0,46.44444444444444,Lesmo 2,corner,1920000.0
39.89654735000365,120000.0,0.7399253211904375,2425.0,46.888888888888886,Lesmo 2,corner,1944000.0
40.096547350003654,120000.0,0.7351253211904375,2435.0,47.33333333333333,Lesmo 2,corner,1968000.0
40.29654735000365,120000.0,0.7303253211904375,2445.0,47.77777777777777,Lesmo 2,corner,1992000.0
40.49654735000365,120000.0,0.7255253211904374,2455.0,48.222222222222214,Lesmo 2,corner,2016000.0
40.69654735000365,120000.0,0.7207253211904374,2465.0,48.666666666666664,Lesmo 2,corner,2040000.0
40.89654735000365,120000.0,0.7159253211904374,2475.0,49.111111111111114,Lesmo 2,corner,2064000.0
41.096547350003654,120000.0,0.7111253211904374,2485.0,49.55555555555556,Lesmo 2,corner,2088000.0
41.29654735000365,120000.0,0.7063253211904373,2495.0,50.0,Lesmo 2,corner,2112000.0
41.49654735000365,120000.0,0.7015253211904373,2505.0,50.44444444444444,Lesmo 2,corner,2136000.0
41.69654735000365,120000.0,0.6967253211904373,2515.0,50.888888888888886,Lesmo 2,corner,2160000.0
41.89654735000365,120000.0,0.6919253211904373,2525.0,51.33333333333333,Lesmo 2,corner,2184000.0
42.096547350003654,120000.0,0.6871253211904372,2535.0,51.77777777777778,Lesmo 2,corner,2208000.0
42.29654735000365,120000.0,0.6823253211904372,2545.0,52.22222222222222,Lesmo 2,corner,2232000.0
42.49654735000365,120000.0,0.6775253211904372,2555.0,52.66666666666667,Lesmo 2,corner,2256000.0
42.69654735000365,120000.0,0.6727253211904372,2565.0,53.111111111111114,Lesmo 2,corner,2280000.0
42.89654735000365,120000.0,0.6679253211904371,2575.0,53.55555555555556,Lesmo 2,corner,2304000.0
43.096547350003654,120000.0,0.6631253211904371,2585.0,54.0,Lesmo 2,corner,2328000.0
43.29654735000365,120000.0,0.6583253211904371,2595.0,54.44444444444444,Lesmo 2,corner,2352000.0
43.49654735000365,120000.0,0.653525321190437,2605.0,54.88888888888889,Lesmo 2,corner,2376000.0
43.696547350003655,0.0,0.653525321190437,2615.0,55.333333333333336,Lesmo 2,corner,2376000.0
43.89654735000365,0.0,0.653525321190437,2627.2727272727275,55.88383838383839,Serraglio,straight,2376000.0
44.09414597779096,0.0,0.653525321190437,2641.818181818182,56.54040404040404,Serraglio,straight,2376000.0
44.291744605578266,0.0,0.653525321190437,2656.3636363636365,57.196969696969695,Serraglio,straight,2376000.0
44.489343233365574,0.0,0.653525321190437,2670.909090909091,57.85353535353536,Serraglio,straight,2376000.0
44.68694186115288,0.0,0.653525321190437,2685.4545454545455,58.51010101010101,Serraglio,straight,2376000.0
44.88454048894019,0.0,0.653525321190437,2700.0,59.16666666666667,Serraglio,straight,2376000.0
45.08213911672749,0.0,0.653525321190437,2714.5454545454545,59.823232323232325,Serraglio,straight,2376000.0
45.2797377445148,0.0,0.653525321190437,2729.090909090909,60.47979797979798,Serraglio,straight,2376000.0
45.477336372302105,0.0,0.653525321190437,2743.6363636363635,61.13636363636364,Serraglio,straight,2376000.0
45.67493500008941,0.0,0.653525321190437,2758.181818181818,61.792929292929294,Serraglio,straight,2376000.0
45.87253362787672,0.0,0.653525321190437,2772.727272727273,62.44949494949495,Serraglio,straight,2376000.0
46.07013225566403,0.0,0.653525321190437,2787.272727272727,63.10606060606061,Serraglio,straight,2376000.0
46.267730883451335,0.0,0.653525321190437,2801.818181818182,63.762626262626256,Serraglio,straight,2376000.0
46.46532951123864,0.0,0.653525321190437,2816.3636363636365,64.41919191919192,Serraglio,straight,2376000.0
46.66292813902595,0.0,0.653525321190437,2830.909090909091,65.07575757575756,Serraglio,straight,2376000.0
46.86052676681326,0.0,0.653525321190437,2845.4545454545455,65.73232323232324,Serraglio,straight,2376000.0
47.058125394600566,0.0,0.653525321190437,2860.0,66.38888888888889,Serraglio,straight,2376000.0
47.255724022387874,0.0,0.653525321190437,2874.5454545454545,67.04545454545455,Serraglio,straight,2376000.0
47.453322650175174,0.0,0.653525321190437,2889.090909090909,67.70202020202021,Serraglio,straight,2376000.0
47.65092127796248,0.0,0.653525321190437,2903.6363636363635,68.35858585858585,Serraglio,straight,2376000.0
47.84851990574979,0.0,0.653525321190437,2918.181818181818,69.01515151515152,Serraglio,straight,2376000.0
48.0461185335371,0.0,0.653525321190437,2932.727272727273,69.67171717171718,Serraglio,straight,2376000.0
48.243717161324405,0.0,0.653525321190437,2947.2727272727275,70.32828282828282,Serraglio,straight,2376000.0
48.44131578911171,0.0,0.653525321190437,2961.818181818182,70.98484848484848,Serraglio,straight,2376000.0
48.63891441689902,0.0,0.653525321190437,2976.3636363636365,71.64141414141415,Serraglio,straight,2376000.0
48.83651304468633,0.0,0.653525321190437,2990.909090909091,72.29797979797979,Serraglio,straight,2376000.0
49.034111672473635,0.0,0.653525321190437,3005.4545454545455,72.95454545454547,Serraglio,straight,2376000.0
49.23171030026094,0.0,0.653525321190437,3020.0,73.61111111111111,Serraglio,straight,2376000.0
49.42930892804825,0.0,0.653525321190437,3034.5454545454545,74.26767676767676,Serraglio,straight,2376000.0
49.62690755583556,0.0,0.653525321190437,3049.090909090909,74.92424242424244,Serraglio,straight,2376000.0
49.82450618362286,0.0,0.653525321190437,3063.6363636363635,75.58080808080808,Serraglio,straight,2376000.0
50.022104811410166,0.0,0.653525321190437,3078.181818181818,76.23737373737374,Serraglio,straight,2376000.0
50.219703439197474,0.0,0.653525321190437,3092.727272727273,76.8939393939394,Serraglio,straight,2376000.0
50.41730206698478,0.0,0.653525321190437,3107.2727272727275,77.55050505050505,Serraglio,straight,2376000.0
50.61490069477209,0.0,0.653525321190437,3121.818181818182,78.20707070707071,Serraglio,straight,2376000.0
50.8124993225594,0.0,0.653525321190437,3136.3636363636365,78.86363636363637,Serraglio,straight,2376000.0
51.010097950346704,0.0,0.653525321190437,3150.909090909091,79.52020202020202,Serraglio,straight,2376000.0
51.20769657813401,0.0,0.653525321190437,3165.4545454545455,80.17676767676768,Serraglio,straight,2376000.0
51.40529520592132,0.0,0.653525321190437,3180.0,80.83333333333334,Serraglio,straight,2376000.0
51.60289383370863,0.0,0.653525321190437,3194.5454545454545,81.48989898989899,Serraglio,straight,2376000.0
51.800492461495935,0.0,0.653525321190437,3209.090909090909,82.14646464646465,Serraglio,straight,2376000.0
51.998091089283236,0.0,0.653525321190437,3223.6363636363635,82.80303030303031,Serraglio,straight,2376000.0
52.19568971707055,0.0,0.653525321190437,3238.181818181818,83.45959595959596,Serraglio,straight,2376000.0
52.39328834485785,0.0,0.653525321190437,3252.727272727273,84.11616161616162,Serraglio,straight,2376000.0
52.59088697264516,0.0,0.653525321190437,3267.272727272727,84.77272727272728,Serraglio,straight,2376000.0
52.788485600432466,0.0,0.653525321190437,3281.818181818182,85.42929292929294,Serraglio,straight,2376000.0
52.986084228219774,0.0,0.653525321190437,3296.3636363636365,86.08585858585859,Serraglio,straight,2376000.0
53.18368285600708,0.0,0.653525321190437,3310.909090909091,86.74242424242425,Serraglio,straight,2376000.0
53.38128148379439,0.0,0.653525321190437,3325.4545454545455,87.39898989898991,Serraglio,straight,2376000.0
53.5788801115817,0.0,0.653525321190437,3340.0,88.05555555555556,Serraglio,straight,2376000.0
53.776478739369004,0.0,0.653525321190437,3354.5454545454545,88.71212121212122,Serraglio,straight,2376000.0
53.97407736715631,0.0,0.653525321190437,3369.090909090909,89.36868686868688,Serraglio,straight,2376000.0
54.17167599494361,0.0,0.653525321190437,3383.6363636363635,90.02525252525254,Serraglio,straight,2376000.0
54.36927462273093,0.0,0.653525321190437,3398.181818181818,90.68181818181819,Serraglio,straight,2376000.0
54.56687325051823,0.0,0.653525321190437,3412.727272727273,91.33838383838385,Serraglio,straight,2376000.0
54.764471878305535,120000.0,0.6488550509201668,3425.0,41.94444444444444,Ascari,corner,2400000.0
54.95906647290013,120000.0,0.6441847806498966,3435.0,42.5,Ascari,corner,2424000.0
55.153661067494724,120000.0,0.6395145103796264,3445.0,43.05555555555556,Ascari,corner,2448000.0
55.34825566208932,120000.0,0.6348442401093561,3455.0,43.611111111111114,Ascari,corner,2472000.0
55.54285025668391,120000.0,0.6301739698390859,3465.0,44.166666666666664,Ascari,corner,2496000.0
55.73744485127851,120000.0,0.6255036995688157,3475.0,44.72222222222222,Ascari,corner,2520000.0
55.9320394458731,120000.0,0.6208334292985455,3485.0,45.27777777777777,Ascari,corner,2544000.0
56.1266340404677,120000.0,0.6161631590282752,3495.0,45.83333333333333,Ascari,corner,2568000.0
56.32122863506229,120000.0,0.611492888758005,3505.0,46.388888888888886,Ascari,corner,2592000.0
56.51582322965689,120000.0,0.6068226184877348,3515.0,46.94444444444444,Ascari,corner,2616000.0
56.71041782425148,120000.0,0.6021523482174646,3525.0,47.5,Ascari,corner,2640000.0
56.90501241884608,120000.0,0.5974820779471943,3535.0,48.05555555555556,Ascari,corner,2664000.0
57.09960701344067,120000.0,0.5928118076769241,3545.0,48.61111111111111,Ascari,corner,2688000.0
57.294201608035266,120000.0,0.5881415374066539,3555.0,49.166666666666664,Ascari,corner,2712000.0
57.48879620262986,120000.0,0.5834712671363836,3565.0,49.722222222222214,Ascari,corner,2736000.0
57.683390797224455,120000.0,0.5788009968661134,3575.0,50.27777777777777,Ascari,corner,2760000.0
57.87798539181905,120000.0,0.5741307265958432,3585.0,50.83333333333333,Ascari,corner,2784000.0
58.07257998641364,120000.0,0.569460456325573,3595.0,51.388888888888886,Ascari,corner,2808000.0
58.26717458100824,120000.0,0.5647901860553027,3605.0,51.94444444444444,Ascari,corner,2832000.0
58.46176917560283,120000.0,0.5601199157850325,3615.0,52.49999999999999,Ascari,corner,2856000.0
58.65636377019743,120000.0,0.5554496455147623,3625.0,53.05555555555555,Ascari,corner,2880000.0
58.85095836479202,120000.0,0.550779375244492,3635.0,53.61111111111111,Ascari,corner,2904000.0
59.04555295938662,120000.0,0.5461091049742218,3645.0,54.166666666666664,Ascari,corner,2928000.0
59.24014755398121,120000.0,0.5414388347039516,3655.0,54.722222222222214,Ascari,corner,2952000.0
59.43474214857581,0.0,0.5414388347039516,3665.0,55.27777777777777,Ascari,corner,2952000.0
59.6293367431704,0.0,0.5414388347039516,3675.0,55.83333333333333,Ascari,corner,2952000.0
59.823931337764996,0.0,0.5414388347039516,3685.0,56.388888888888886,Ascari,corner,2952000.0
60.01852593235959,0.0,0.5414388347039516,3695.0,56.94444444444444,Ascari,corner,2952000.0
60.213120526954185,0.0,0.5414388347039516,3705.0,57.5,Ascari,corner,2952000.0
60.407715121548776,0.0,0.5414388347039516,3715.0,58.05555555555556,Ascari,corner,2952000.0
60.602309716143374,0.0,0.5414388347039516,3725.0,58.61111111111111,Ascari,corner,2952000.0
60.79690431073797,0.0,0.5414388347039516,3735.0,59.166666666666664,Ascari,corner,2952000.0
60.99149890533256,0.0,0.5414388347039516,3745.0,59.72222222222222,Ascari,corner,2952000.0
61.18609349992715,0.0,0.5414388347039516,3755.0,60.27777777777778,Ascari,corner,2952000.0
61.38068809452175,0.0,0.5414388347039516,3765.0,60.833333333333336,Ascari,corner,2952000.0
61.57528268911635,0.0,0.5414388347039516,3777.7586206896553,61.398467432950184,Back Straight,straight,2952000.0
61.77479007827891,0.0,0.5414388347039516,3793.2758620689656,61.97318007662835,Back Straight,straight,2952000.0
61.974297467441474,0.0,0.5414388347039516,3808.793103448276,62.54789272030651,Back Straight,straight,2952000.0
62.173804856604036,0.0,0.5414388347039516,3824.310344827586,63.122605363984675,Back Straight,straight,2952000.0
62.3733122457666,0.0,0.5414388347039516,3839.8275862068967,63.69731800766283,Back Straight,straight,2952000.0
62.57281963492916,0.0,0.5414388347039516,3855.344827586207,64.272030651341,Back Straight,straight,2952000.0
62.772327024091716,0.0,0.5414388347039516,3870.862068965517,64.84674329501915,Back Straight,straight,2952000.0
62.97183441325428,0.0,0.5414388347039516,3886.3793103448274,65.42145593869732,Back Straight,straight,2952000.0
63.17134180241684,0.0,0.5414388347039516,3901.8965517241377,65.99616858237547,Back Straight,straight,2952000.0
63.3708491915794,0.0,0.5414388347039516,3917.4137931034484,66.57088122605364,Back Straight,straight,2952000.0
63.570356580741965,0.0,0.5414388347039516,3932.9310344827586,67.1455938697318,Back Straight,straight,2952000.0
63.76986396990453,0.0,0.5414388347039516,3948.448275862069,67.72030651340995,Back Straight,straight,2952000.0
63.96937135906709,0.0,0.5414388347039516,3963.9655172413795,68.29501915708812,Back Straight,straight,2952000.0
64.16887874822964,0.0,0.5414388347039516,3979.4827586206898,68.86973180076629,Back Straight,straight,2952000.0
64.3683861373922,0.0,0.5414388347039516,3995.0,69.44444444444444,Back Straight,straight,2952000.0
64.56789352655477,0.0,0.5414388347039516,4010.5172413793102,70.0191570881226,Back Straight,straight,2952000.0
64.76740091571733,0.0,0.5414388347039516,4026.0344827586205,70.59386973180077,Back Straight,straight,2952000.0
64.9669083048799,0.0,0.5414388347039516,4041.551724137931,71.16858237547892,Back Straight,straight,2952000.0
65.16641569404246,0.0,0.5414388347039516,4057.0689655172414,71.74329501915709,Back Straight,straight,2952000.0
65.36592308320502,0.0,0.5414388347039516,4072.5862068965516,72.31800766283524,Back Straight,straight,2952000.0
65.56543047236758,0.0,0.5414388347039516,4088.103448275862,72.89272030651341,Back Straight,straight,2952000.0
65.76493786153014,0.0,0.5414388347039516,4103.620689655172,73.46743295019158,Back Straight,straight,2952000.0
65.9644452506927,0.0,0.5414388347039516,4119.137931034483,74.04214559386972,Back Straight,straight,2952000.0
66.16395263985527,0.0,0.5414388347039516,4134.6551724137935,74.61685823754789,Back Straight,straight,2952000.0
66.36346002901783,0.0,0.5414388347039516,4150.172413793103,75.19157088122606,Back Straight,straight,2952000.0
66.56296741818039,0.0,0.5414388347039516,4165.689655172414,75.7662835249042,Back Straight,straight,2952000.0
66.76247480734295,0.0,0.5414388347039516,4181.206896551725,76.34099616858238,Back Straight,straight,2952000.0
66.96198219650552,0.0,0.5414388347039516,4196.724137931034,76.91570881226053,Back Straight,straight,2952000.0
67.16148958566808,0.0,0.5414388347039516,4212.241379310345,77.49042145593869,Back Straight,straight,2952000.0
67.36099697483064,0.0,0.5414388347039516,4227.758620689655,78.06513409961686,Back Straight,straight,2952000.0
67.5605043639932,0.0,0.5414388347039516,4243.275862068966,78.63984674329501,Back Straight,straight,2952000.0
67.76001175315577,0.0,0.5414388347039516,4258.793103448276,79.21455938697318,Back Straight,straight,2952000.0
67.95951914231833,0.0,0.5414388347039516,4274.310344827586,79.78927203065133,Back Straight,straight,2952000.0
68.15902653148088,0.0,0.5414388347039516,4289.827586206897,80.3639846743295,Back Straight,straight,2952000.0
68.35853392064344,0.0,0.5414388347039516,4305.3448275862065,80.93869731800766,Back Straight,straight,2952000.0
68.558041309806,0.0,0.5414388347039516,4320.862068965517,81.51340996168582,Back Straight,straight,2952000.0
68.75754869896856,0.0,0.5414388347039516,4336.379310344828,82.08812260536398,Back Straight,straight,2952000.0
68.95705608813113,0.0,0.5414388347039516,4351.896551724138,82.66283524904215,Back Straight,straight,2952000.0
69.15656347729369,0.0,0.5414388347039516,4367.413793103448,83.2375478927203,Back Straight,straight,2952000.0
69.35607086645625,0.0,0.5414388347039516,4382.931034482759,83.81226053639847,Back Straight,straight,2952000.0
69.55557825561881,0.0,0.5414388347039516,4398.448275862069,84.38697318007664,Back Straight,straight,2952000.0
69.75508564478137,0.0,0.5414388347039516,4413.9655172413795,84.96168582375479,Back Straight,straight,2952000.0
69.95459303394394,0.0,0.5414388347039516,4429.482758620689,85.53639846743295,Back Straight,straight,2952000.0
70.1541004231065,0.0,0.5414388347039516,4445.0,86.1111111111111,Back Straight,straight,2952000.0
70.35360781226906,0.0,0.5414388347039516,4460.517241379311,86.68582375478927,Back Straight,straight,2952000.0
70.55311520143162,0.0,0.5414388347039516,4476.0344827586205,87.26053639846742,Back Straight,straight,2952000.0
70.75262259059419,0.0,0.5414388347039516,4491.551724137931,87.83524904214559,Back Straight,straight,2952000.0
70.95212997975675,0.0,0.5414388347039516,4507.068965517241,88.40996168582375,Back Straight,straight,2952000.0
71.15163736891931,0.0,0.5414388347039516,4522.586206896552,88.9846743295019,Back Straight,straight,2952000.0
71.35114475808187,0.0,0.5414388347039516,4538.103448275862,89.55938697318007,Back Straight,straight,2952000.0
71.55065214724443,0.0,0.5414388347039516,4553.620689655172,90.13409961685824,Back Straight,straight,2952000.0
71.750159536407,0.0,0.5414388347039516,4569.137931034483,90.7088122605364,Back Straight,straight,2952000.0
71.94966692556955,0.0,0.5414388347039516,4584.6551724137935,91.28352490421456,Back Straight,straight,2952000.0
72.14917431473211,0.0,0.5414388347039516,4600.172413793103,91.85823754789271,Back Straight,straight,2952000.0
72.34868170389467,0.0,0.5414388347039516,4615.689655172414,92.43295019157088,Back Straight,straight,2952000.0
72.54818909305723,0.0,0.5414388347039516,4631.206896551724,93.00766283524904,Back Straight,straight,2952000.0
72.7476964822198,0.0,0.5414388347039516,4646.724137931034,93.5823754789272,Back Straight,straight,2952000.0
72.94720387138236,0.0,0.5414388347039516,4662.241379310345,94.15708812260537,Back Straight,straight,2952000.0
73.14671126054492,0.0,0.5414388347039516,4675.813953488372,50.1937984496124,Parabolica,corner,2952000.0
73.34604680871767,0.0,0.5414388347039516,4687.441860465116,50.58139534883721,Parabolica,corner,2952000.0
73.54538235689043,0.0,0.5414388347039516,4699.069767441861,50.968992248062015,Parabolica,corner,2952000.0
73.7447179050632,0.0,0.5414388347039516,4710.697674418605,51.356589147286826,Parabolica,corner,2952000.0
73.94405345323595,0.0,0.5414388347039516,4722.325581395349,51.74418604651163,Parabolica,corner,2952000.0
74.1433890014087,0.0,0.5414388347039516,4733.953488372093,52.13178294573643,Parabolica,corner,2952000.0
74.34272454958146,0.0,0.5414388347039516,4745.581395348837,52.519379844961236,Parabolica,corner,2952000.0
74.54206009775422,0.0,0.5414388347039516,4757.209302325581,52.906976744186046,Parabolica,corner,2952000.0
74.74139564592699,0.0,0.5414388347039516,4768.837209302325,53.29457364341086,Parabolica,corner,2952000.0
74.94073119409974,0.0,0.5414388347039516,4780.46511627907,53.68217054263566,Parabolica,corner,2952000.0
75.1400667422725,0.0,0.5414388347039516,4792.093023255814,54.06976744186046,Parabolica,corner,2952000.0
75.33940229044525,0.0,0.5414388347039516,4803.720930232558,54.45736434108527,Parabolica,corner,2952000.0
75.538737838618,0.0,0.5414388347039516,4815.3488372093025,54.84496124031007,Parabolica,corner,2952000.0
75.73807338679076,0.0,0.5414388347039516,4826.976744186047,55.23255813953489,Parabolica,corner,2952000.0
75.93740893496353,0.0,0.5414388347039516,4838.604651162791,55.62015503875969,Parabolica,corner,2952000.0
76.13674448313628,0.0,0.5414388347039516,4850.232558139535,56.007751937984494,Parabolica,corner,2952000.0
76.33608003130904,0.0,0.5414388347039516,4861.860465116279,56.395348837209305,Parabolica,corner,2952000.0
76.53541557948179,0.0,0.5414388347039516,4873.488372093023,56.78294573643411,Parabolica,corner,2952000.0
76.73475112765455,0.0,0.5414388347039516,4885.116279069767,57.17054263565892,Parabolica,corner,2952000.0
76.93408667582732,0.0,0.5414388347039516,4896.7441860465115,57.55813953488372,Parabolica,corner,2952000.0
77.13342222400007,0.0,0.5414388347039516,4908.372093023256,57.94573643410853,Parabolica,corner,2952000.0
77.33275777217283,0.0,0.5414388347039516,4920.0,58.333333333333336,Parabolica,corner,2952000.0
77.53209332034558,0.0,0.5414388347039516,4931.627906976744,58.720930232558146,Parabolica,corner,2952000.0
77.73142886851834,0.0,0.5414388347039516,4943.2558139534885,59.10852713178295,Parabolica,corner,2952000.0
77.9307644166911,0.0,0.5414388347039516,4954.883720930233,59.49612403100775,Parabolica,corner,2952000.0
78.13009996486386,0.0,0.5414388347039516,4966.511627906977,59.88372093023256,Parabolica,corner,2952000.0
78.32943551303661,0.0,0.5414388347039516,4978.139534883721,60.27131782945737,Parabolica,corner,2952000.0
78.52877106120937,0.0,0.5414388347039516,4989.767441860465,60.65891472868218,Parabolica,corner,2952000.0
78.72810660938212,0.0,0.5414388347039516,5001.395348837209,61.04651162790698,Parabolica,corner,2952000.0
78.92744215755488,0.0,0.5414388347039516,5013.023255813953,61.434108527131784,Parabolica,corner,2952000.0
79.12677770572765,0.0,0.5414388347039516,5024.6511627906975,61.821705426356594,Parabolica,corner,2952000.0
79.3261132539004,0.0,0.5414388347039516,5036.279069767442,62.2093023255814,Parabolica,corner,2952000.0
79.52544880207316,0.0,0.5414388347039516,5047.906976744186,62.59689922480621,Parabolica,corner,2952000.0
79.72478435024591,0.0,0.5414388347039516,5059.53488372093,62.98449612403101,Parabolica,corner,2952000.0
79.92411989841867,0.0,0.5414388347039516,5071.162790697675,63.372093023255815,Parabolica,corner,2952000.0
80.12345544659144,0.0,0.5414388347039516,5082.790697674419,63.759689922480625,Parabolica,corner,2952000.0
80.32279099476419,0.0,0.5414388347039516,5094.418604651163,64.14728682170544,Parabolica,corner,2952000.0
80.52212654293695,0.0,0.5414388347039516,5106.0465116279065,64.53488372093024,Parabolica,corner,2952000.0
80.7214620911097,0.0,0.5414388347039516,5117.674418604651,64.92248062015504,Parabolica,corner,2952000.0
80.92079763928245,0.0,0.5414388347039516,5129.302325581395,65.31007751937985,Parabolica,corner,2952000.0
81.12013318745522,0.0,0.5414388347039516,5140.930232558139,65.69767441860466,Parabolica,corner,2952000.0
81.31946873562798,0.0,0.5414388347039516,5152.558139534884,66.08527131782947,Parabolica,corner,2952000.0
81.51880428380073,0.0,0.5414388347039516,5164.186046511628,66.47286821705426,Parabolica,corner,2952000.0
